design,n,p,SNR,replicate,Rhat,success,H_minus_T,N_minus_T,mean_acceptance
independent,500,1000,0.5,1,1.0201221453936071,True,107.45398942300471,107.45398942300471,0.3644833333333333
independent,500,1000,0.5,2,1.0,True,136.3839726931992,136.3839726931992,0.41277500000000006
independent,500,1000,0.5,3,1.0408351896255021,True,106.80454194360482,106.5985455535556,0.14657499999999998
independent,500,1000,0.5,4,1.0,True,126.72232162949149,126.72232162949149,0.4194
independent,500,1000,0.5,5,1.0056311493583265,True,114.08609146374329,114.08609146374329,0.3693916666666666
independent,500,1000,0.5,6,1.2518276639918156,True,111.47306817346634,111.47306817346634,0.33574166666666666
independent,500,1000,0.5,7,1.0373732090589365,True,98.44755958458518,98.44755958458518,0.2969833333333334
independent,500,1000,0.5,8,1.0,True,116.53061397086367,116.53061397086367,0.4060916666666667
independent,500,1000,0.5,9,1.0,True,116.69019215680692,116.69019215680692,0.38635833333333336
independent,500,1000,0.5,10,1.0743996119441206,True,108.05426074564821,108.05426074564821,0.4109
independent,500,1000,0.5,11,1.0,True,118.53711965140064,118.53711965140064,0.3745833333333333
independent,500,1000,0.5,12,1.0372672113210495,True,112.98588613010361,112.98588613010361,0.37514166666666665
independent,500,1000,0.5,13,1.0,True,112.8979038493153,112.8979038493153,0.3935166666666667
independent,500,1000,0.5,14,1.0,True,112.04997862862001,112.04997862862001,0.4049333333333333
independent,500,1000,0.5,15,1.0,True,117.77837175318109,117.77837175318109,0.4029583333333333
independent,500,1000,0.5,16,1.0,True,122.09717551616723,122.09717551616723,0.4015333333333333
independent,500,1000,0.5,17,1.0705560773110472,True,125.73446466972928,125.73446466972928,0.35938333333333333
independent,500,1000,0.5,18,1.0,True,134.7131583409482,134.7131583409482,0.3987833333333333
independent,500,1000,0.5,19,1.0,True,125.14583977955044,125.14583977955044,0.39225
independent,500,1000,0.5,20,1.0,True,110.74685621895696,110.74685621895696,0.40780833333333333
independent,500,1000,1.0,1,1.07803724177076,True,28.048213175483397,-5.650579453217688,0.006216666666666666
independent,500,1000,1.0,2,1.1517863662057943,True,33.74036766398331,2.596523508153041,0.006599999999999999
independent,500,1000,1.0,3,2.656528684502033,False,27.622100675342153,19.114535569568943,0.006116666666666666
independent,500,1000,1.0,4,1.3949095803071427,True,26.675003324404315,18.14524761255325,0.008308333333333334
independent,500,1000,1.0,5,1.1541437559793977,True,24.76258378872899,13.993147510601375,0.005
independent,500,1000,1.0,6,1.3072037850515805,True,33.0091712907024,9.946992441092334,0.007641666666666667
independent,500,1000,1.0,7,1.6599277023886754,False,17.989499937229084,-11.372908142053348,0.0055000000000000005
independent,500,1000,1.0,8,1.0655413231894686,True,15.395010367971736,-25.265397263387058,0.004458333333333334
independent,500,1000,1.0,9,1.1706399312009137,True,44.88735929084578,29.905266719123574,0.007425000000000001
independent,500,1000,1.0,10,1.1192634525466156,True,25.400369605239575,2.2468407629403373,0.0051333333333333335
independent,500,1000,1.0,11,1.340724704486665,True,32.247181891036234,19.743660890407227,0.007508333333333333
independent,500,1000,1.0,12,1.048866374221335,True,38.50532048718924,29.243022027235384,0.017975
independent,500,1000,1.0,13,1.2436646900278947,True,16.954668809679788,15.452310848794696,0.040016666666666666
independent,500,1000,1.0,14,1.0261403870447723,True,30.415131935603313,-22.810239435278163,0.006308333333333335
independent,500,1000,1.0,15,1.4563888142627321,True,16.382303711593522,0.7742336272985995,0.004991666666666666
independent,500,1000,1.0,16,1.0133977280552227,True,35.29781903122148,27.20020965713593,0.006083333333333333
independent,500,1000,1.0,17,1.2505281874044467,True,8.131429869624299,-32.93237966952438,0.00545
independent,500,1000,1.0,18,1.2682403744979909,True,34.76744491551926,9.05134299040219,0.005758333333333334
independent,500,1000,1.0,19,1.2619405821962508,True,25.127111091469487,-3.9892010378607665,0.005658333333333334
independent,500,1000,1.0,20,1.1965401352527598,True,22.812887007879,-14.437362474776819,0.0061333333333333335
independent,500,1000,2.0,1,1.0,True,0.0,-172.286914440464,0.008641666666666667
independent,500,1000,2.0,2,1.0,True,0.0,-197.29830223746376,0.005825
independent,500,1000,2.0,3,1.0,True,0.0,-182.97358220263777,0.006258333333333334
independent,500,1000,2.0,4,1.0,True,0.0,-175.33474790176842,0.0053
independent,500,1000,2.0,5,1.0,True,0.0,-204.15125041244664,0.004275
independent,500,1000,2.0,6,1.0,True,0.0,-245.13706251848635,0.007683333333333334
independent,500,1000,2.0,7,1.0,True,0.0,-236.78032859393716,0.006441666666666668
independent,500,1000,2.0,8,1.0,True,0.0,-217.15933490910174,0.007775000000000001
independent,500,1000,2.0,9,1.0,True,0.0,-212.47418045063296,0.005666666666666667
independent,500,1000,2.0,10,1.0,True,0.0,-246.72365973537308,0.005925
independent,500,1000,2.0,11,1.0,True,0.0,-238.117168639581,0.0057083333333333335
independent,500,1000,2.0,12,1.0,True,0.0,-215.54092110572583,0.0070750000000000006
independent,500,1000,2.0,13,1.0,True,0.0,-173.3548254221978,0.0076166666666666666
independent,500,1000,2.0,14,1.0240664364702978,True,0.0,-208.1915849870993,0.010549999999999999
independent,500,1000,2.0,15,1.0,True,0.0,-233.74146065335026,0.005641666666666667
independent,500,1000,2.0,16,1.0357273644970033,True,0.0,-227.55555439652198,0.0049
independent,500,1000,2.0,17,1.0358384880813032,True,0.0,-205.96865733267623,0.005825
independent,500,1000,2.0,18,1.0358384880813027,True,0.0,-222.706679507447,0.0059833333333333336
independent,500,1000,2.0,19,1.0,True,0.0,-228.15004193824188,0.0066500000000000005
independent,500,1000,2.0,20,1.0,True,0.0,-207.99233090706366,0.005874999999999999
independent,500,1000,3.0,1,1.0,True,0.0,-401.79617705092824,0.006116666666666666
independent,500,1000,3.0,2,1.0,True,0.0,-397.3667452275695,0.0047666666666666664
independent,500,1000,3.0,3,1.0,True,0.0,-402.4287750657195,0.005833333333333333
independent,500,1000,3.0,4,1.0,True,0.0,-391.890763977156,0.004941666666666667
independent,500,1000,3.0,5,1.0,True,0.0,-389.41520591457447,0.0044
independent,500,1000,3.0,6,1.0,True,0.0,-381.64253239847403,0.006266666666666667
independent,500,1000,3.0,7,1.0,True,0.0,-336.4999158503706,0.004575
independent,500,1000,3.0,8,1.0,True,0.0,-373.5395353533395,0.005925
independent,500,1000,3.0,9,1.0,True,0.0,-399.7664566710773,0.004683333333333334
independent,500,1000,3.0,10,1.0,True,0.0,-400.54368124646317,0.005975
independent,500,1000,3.0,11,1.0,True,0.0,-376.9991426021461,0.006533333333333333
independent,500,1000,3.0,12,1.3282660709046392,True,0.0,-406.1725979115463,0.004775000000000001
independent,500,1000,3.0,13,1.1010972395482763,True,0.0,-364.99271391294496,0.005441666666666667
independent,500,1000,3.0,14,1.0,True,0.0,-359.08449650723287,0.007875
independent,500,1000,3.0,15,1.0,True,0.0,-367.0183863324546,0.004333333333333334
independent,500,1000,3.0,16,1.0,True,0.0,-395.4319342147637,0.004325
independent,500,1000,3.0,17,1.0,True,0.0,-385.3841283504198,0.003783333333333333
independent,500,1000,3.0,18,1.0,True,0.0,-412.8953667060041,0.0037250000000000004
independent,500,1000,3.0,19,1.0,True,0.0,-370.7718166079985,0.00455
independent,500,1000,3.0,20,1.0,True,0.0,-390.35760325980027,0.006933333333333333
independent,500,5000,0.5,1,1.0,True,146.226793781354,146.226793781354,0.3728583333333333
independent,500,5000,0.5,2,1.0,True,148.61807438991127,148.61807438991127,0.4083133333333333
independent,500,5000,0.5,3,1.0984947619062595,True,131.51273402505194,131.51273402505194,0.34412833333333337
independent,500,5000,0.5,4,1.1457377348565512,True,140.30450599031428,140.30450599031428,0.34642166666666663
independent,500,5000,0.5,5,2.000274205623356,False,148.11047725883782,148.11047725883782,0.3466883333333333
independent,500,5000,0.5,6,1.0,True,147.34556675267504,147.34556675267504,0.3832133333333334
independent,500,5000,0.5,7,1.0535542076698607,True,150.6800066974247,150.6800066974247,0.3843916666666667
independent,500,5000,0.5,8,1.0722249297625457,True,143.52255277754648,143.52255277754648,0.21943666666666664
independent,500,5000,0.5,9,1.0,True,159.24969102495015,159.24969102495015,0.40324333333333334
independent,500,5000,0.5,10,1.0,True,159.82099389969426,159.82099389969426,0.41199499999999994
independent,500,5000,0.5,11,1.0,True,150.82813039540906,150.82813039540906,0.4113716666666667
independent,500,5000,0.5,12,1.0,True,133.55522433185615,133.55522433185615,0.41536833333333334
independent,500,5000,0.5,13,1.0,True,153.55794299676836,153.55794299676836,0.40763
independent,500,5000,0.5,14,1.0111125254213487,True,157.50389845971767,157.50389845971767,0.38169000000000003
independent,500,5000,0.5,15,1.0,True,157.56357662268147,157.56357662268147,0.3916899999999999
independent,500,5000,0.5,16,1.0,True,127.1291479339443,127.1291479339443,0.384345
independent,500,5000,0.5,17,1.0,True,152.40178648876736,152.40178648876736,0.40178833333333336
independent,500,5000,0.5,18,1.0,True,146.89338444335408,146.89338444335408,0.3799333333333333
independent,500,5000,0.5,19,1.073507812314889,True,141.59998283612094,141.59998283612094,0.3537216666666667
independent,500,5000,0.5,20,1.0,True,122.57610307569666,122.57610307569666,0.42939166666666667
independent,500,5000,1.0,1,1.303867036867128,True,42.25166775462458,41.13857752467902,0.028829999999999998
independent,500,5000,1.0,2,1.4790667336310048,True,26.792766869213665,0.30230612530704093,0.004668333333333333
independent,500,5000,1.0,3,1.173016049036784,True,49.25591334487126,44.50143661052425,0.0053750000000000004
independent,500,5000,1.0,4,1.4682585650519369,True,58.524965302989585,46.27259329708886,0.006239999999999999
independent,500,5000,1.0,5,3.180258554938339,False,57.156697107966465,46.89408389708478,0.004368333333333333
independent,500,5000,1.0,6,1.99236140492759,False,52.684725246651396,40.17266111311619,0.0034316666666666675
independent,500,5000,1.0,7,1.0026096988505522,True,38.773380760984764,22.85212658581895,0.01016
independent,500,5000,1.0,8,1.4286234938111246,True,48.53978096142055,35.72863407681325,0.004358333333333333
independent,500,5000,1.0,9,1.766169906375475,False,40.43054395962372,22.36425682823574,0.00466
independent,500,5000,1.0,10,1.2283580384555504,True,21.121151629286942,13.926459066889038,0.003626666666666667
independent,500,5000,1.0,11,1.1220089241338909,True,42.529140615965844,23.788651610751913,0.005348333333333333
independent,500,5000,1.0,12,1.0683047387887037,True,41.443180897036655,27.770326058549472,0.0048783333333333335
independent,500,5000,1.0,13,1.0745142259577407,True,26.775112484925558,15.082977995561123,0.004581666666666667
independent,500,5000,1.0,14,1.015334207147589,True,43.069844176035076,24.228743574950386,0.005593333333333335
independent,500,5000,1.0,15,1.5543149103032567,False,22.46515070328951,3.690096480541797,0.004373333333333334
independent,500,5000,1.0,16,1.1286447452349602,True,33.1436703232348,19.207790148914683,0.0038666666666666663
independent,500,5000,1.0,17,1.33170840527876,True,37.76777459396817,-2.145361943414173,0.0030183333333333342
independent,500,5000,1.0,18,1.2094364505129738,True,36.68178741000065,10.36023418941113,0.007370000000000001
independent,500,5000,1.0,19,1.1245022499037878,True,29.46753646756406,20.935766267881263,0.004711666666666667
independent,500,5000,1.0,20,2.100746617817018,False,19.594964708839143,16.59819060772861,0.04787833333333333
independent,500,5000,2.0,1,1.0,True,0.0,-192.22097954247602,0.005231666666666667
independent,500,5000,2.0,2,1.0,True,0.0,-216.103817875176,0.0046816666666666664
independent,500,5000,2.0,3,1.0,True,0.0,-257.94528785444527,0.004038333333333334
independent,500,5000,2.0,4,1.0,True,0.0,-224.07515967238396,0.002673333333333333
independent,500,5000,2.0,5,1.2642430197036836,True,0.0,-211.67112599523443,0.00346
independent,500,5000,2.0,6,1.0,True,0.0,-231.31137683002999,0.0035466666666666667
independent,500,5000,2.0,7,1.0,True,0.0,-207.9194669790977,0.004646666666666667
independent,500,5000,2.0,8,1.0,True,0.0,-236.99206796027192,0.003115
independent,500,5000,2.0,9,1.0,True,0.0,-193.26135534119203,0.004655
independent,500,5000,2.0,10,1.0,True,0.0,-209.52676158908616,0.0037733333333333334
independent,500,5000,2.0,11,1.0,True,0.0,-223.08317536419054,0.0037266666666666663
independent,500,5000,2.0,12,1.0,True,0.0,-218.10025121187664,0.00593
independent,500,5000,2.0,13,1.0,True,0.0,-196.30950442435278,0.003878333333333333
independent,500,5000,2.0,14,1.0,True,0.0,-215.5108001078779,0.003365
independent,500,5000,2.0,15,1.051746270482128,True,0.0,-204.68843387925517,0.004593333333333334
independent,500,5000,2.0,16,1.0,True,0.0,-191.70703946214962,0.006976666666666666
independent,500,5000,2.0,17,1.0,True,0.0,-185.7072432554878,0.007486666666666667
independent,500,5000,2.0,18,1.0,True,0.0,-211.45461742556563,0.005511666666666667
independent,500,5000,2.0,19,1.0,True,0.0,-234.47259855997163,0.0037433333333333333
independent,500,5000,2.0,20,1.0059323751294624,True,0.0,-200.83338891975654,0.005928333333333334
independent,500,5000,3.0,1,1.0,True,0.0,-378.64083153734737,0.0052116666666666665
independent,500,5000,3.0,2,1.0,True,0.0,-360.9565075059145,0.0073366666666666676
independent,500,5000,3.0,3,1.0,True,0.0,-349.5609357714766,0.0042
independent,500,5000,3.0,4,1.0,True,0.0,-353.86326205344903,0.0038933333333333333
independent,500,5000,3.0,5,1.0,True,0.0,-382.43089213955136,0.006215000000000001
independent,500,5000,3.0,6,1.0,True,0.0,-374.52548179565747,0.008073333333333333
independent,500,5000,3.0,7,1.0,True,0.0,-397.0400161542693,0.0059099999999999995
independent,500,5000,3.0,8,1.0,True,0.0,-338.6715228849307,0.00461
independent,500,5000,3.0,9,1.0,True,0.0,-374.5210833517949,0.0036450000000000002
independent,500,5000,3.0,10,1.0,True,0.0,-370.5356372346332,0.003408333333333334
independent,500,5000,3.0,11,2.5589790715977436,False,0.0,-407.5028098847106,0.0038666666666666663
independent,500,5000,3.0,12,2.5483893577589796,False,0.0,-394.4443122387329,0.004441666666666667
independent,500,5000,3.0,13,1.1365064797047584,True,0.0,-388.04953658505747,0.0037149999999999996
independent,500,5000,3.0,14,1.0,True,0.0,-376.296829562566,0.0038766666666666667
independent,500,5000,3.0,15,1.0,True,0.0,-390.8273007061862,0.0035466666666666667
independent,500,5000,3.0,16,1.0,True,0.0,-369.41243120871604,0.006025
independent,500,5000,3.0,17,1.0344871519103391,True,0.0,-366.704715395098,0.006848333333333334
independent,500,5000,3.0,18,1.0,True,0.0,-360.69472265445074,0.004421666666666667
independent,500,5000,3.0,19,1.0958747821562103,True,0.0,-402.10175407531005,0.00576
independent,500,5000,3.0,20,1.0,True,0.0,-389.935462440485,0.003076666666666667
independent,1000,1000,0.5,1,1.0,True,124.08266991546225,124.08266991546225,0.4295
independent,1000,1000,0.5,2,1.0,True,113.87833807057723,113.87833807057723,0.4313
independent,1000,1000,0.5,3,1.0,True,112.50053045802997,112.50053045802997,0.39595
independent,1000,1000,0.5,4,1.1091999283905534,True,103.88984382586023,103.88984382586023,0.208825
independent,1000,1000,0.5,5,1.0860003637407587,True,109.42969504885696,109.42969504885696,0.3957833333333333
independent,1000,1000,0.5,6,1.076342178206599,True,95.75141661236376,95.75141661236376,0.36731666666666674
independent,1000,1000,0.5,7,1.0,True,104.44975294338656,104.44975294338656,0.3913583333333333
independent,1000,1000,0.5,8,1.0,True,121.14210401716991,121.14210401716991,0.4204083333333333
independent,1000,1000,0.5,9,1.0654986292411333,True,102.558013331658,99.49538777712405,0.02183333333333333
independent,1000,1000,0.5,10,1.0813677901750975,True,93.89035656702617,93.59657062128463,0.15198333333333333
independent,1000,1000,0.5,11,1.0,True,104.97018467482121,104.97018467482121,0.3582583333333333
independent,1000,1000,0.5,12,1.302441108607606,True,125.48199286466661,125.48199286466661,0.3729
independent,1000,1000,0.5,13,1.028471356880198,True,104.6186440789279,104.6186440789279,0.3489416666666667
independent,1000,1000,0.5,14,1.0,True,125.04420340004617,125.04420340004617,0.3775833333333334
independent,1000,1000,0.5,15,1.0,True,122.68813650544507,122.68813650544507,0.41983333333333334
independent,1000,1000,0.5,16,1.0899631154418072,True,101.3149840110309,101.3149840110309,0.37985833333333335
independent,1000,1000,0.5,17,1.0,True,115.63029107414332,115.63029107414332,0.40625833333333333
independent,1000,1000,0.5,18,1.0,True,117.27094582997051,117.27094582997051,0.3756083333333333
independent,1000,1000,0.5,19,1.2865908433540612,True,111.97235527793055,111.97235527793055,0.3371583333333334
independent,1000,1000,0.5,20,1.1203079194468066,True,91.59952422165043,91.59952422165043,0.20179999999999998
independent,1000,1000,1.0,1,1.1341897881138645,True,12.519025032162972,-52.052164957744026,0.005425
independent,1000,1000,1.0,2,1.3936493745322553,True,24.202773289969628,-12.015697362947321,0.010258333333333335
independent,1000,1000,1.0,3,1.0238931104589828,True,34.802642531361926,9.494686749538232,0.008575
independent,1000,1000,1.0,4,1.4269174248725354,True,17.618984255092073,-34.75009194862105,0.0083
independent,1000,1000,1.0,5,1.1668917146966664,True,44.20777923919013,4.199108107917709,0.008641666666666666
independent,1000,1000,1.0,6,1.1841027149562897,True,7.18589504542615,-47.62887389109528,0.007725
independent,1000,1000,1.0,7,1.2699121510724845,True,26.125668187012707,6.020899892155285,0.011225
independent,1000,1000,1.0,8,1.361387639153487,True,21.778672174277744,-12.70474112109514,0.0053083333333333324
independent,1000,1000,1.0,9,1.0543489414749911,True,28.508483869722113,8.309925769111942,0.004866666666666666
independent,1000,1000,1.0,10,1.1393115416109607,True,21.994005756945626,-20.9706682495962,0.005158333333333333
independent,1000,1000,1.0,11,1.166137555391717,True,14.74544998881538,-10.82824157338655,0.006841666666666666
independent,1000,1000,1.0,12,1.1499934858862049,True,6.720435717992586,-33.77245599762318,0.006075000000000001
independent,1000,1000,1.0,13,1.1830716269450896,True,28.14374423346635,-17.783118347517302,0.006191666666666666
independent,1000,1000,1.0,14,1.1204567656075555,True,24.476240034655348,-47.08780716964429,0.004275
independent,1000,1000,1.0,15,1.2014422650234748,True,20.418740782592067,-1.675288498037844,0.005675
independent,1000,1000,1.0,16,1.4209516161154472,True,0.9432736660000955,-33.852736659117,0.0041
independent,1000,1000,1.0,17,1.041384124878295,True,13.042450677832676,-42.84331042069789,0.0046749999999999995
independent,1000,1000,1.0,18,1.0692414442343448,True,14.759230085692252,-21.655998631913462,0.003908333333333333
independent,1000,1000,1.0,19,1.3805987439819467,True,7.668877471378437,-24.68639752808849,0.0073
independent,1000,1000,1.0,20,1.0900297883560146,True,33.04936125253698,-11.52127981319245,0.006300000000000001
independent,1000,1000,2.0,1,1.0,True,0.0,-368.9784977787749,0.0068583333333333335
independent,1000,1000,2.0,2,1.0,True,0.0,-397.8024579074572,0.008075
independent,1000,1000,2.0,3,1.0,True,0.0,-355.73514953352424,0.0037666666666666664
independent,1000,1000,2.0,4,1.0,True,0.0,-363.1586424565794,0.0055916666666666675
independent,1000,1000,2.0,5,1.0,True,0.0,-326.5743124332839,0.005958333333333333
independent,1000,1000,2.0,6,1.0,True,0.0,-379.42090315187124,0.005416666666666667
independent,1000,1000,2.0,7,1.132640118019297,True,0.0,-343.58872220024386,0.005233333333333333
independent,1000,1000,2.0,8,1.0,True,0.0,-322.6286021989454,0.004741666666666667
independent,1000,1000,2.0,9,1.0,True,0.0,-349.00860215584,0.005358333333333333
independent,1000,1000,2.0,10,1.0,True,0.0,-367.51122931250757,0.005291666666666667
independent,1000,1000,2.0,11,1.0,True,0.0,-363.20036694447845,0.009483333333333333
independent,1000,1000,2.0,12,1.0,True,0.0,-358.1476098289677,0.005666666666666667
independent,1000,1000,2.0,13,1.0,True,0.0,-362.23681916181886,0.006933333333333333
independent,1000,1000,2.0,14,1.0,True,0.0,-307.88523905231887,0.008475
independent,1000,1000,2.0,15,1.0,True,0.0,-316.86375684731865,0.006941666666666666
independent,1000,1000,2.0,16,1.0,True,0.0,-362.6685387680318,0.006733333333333334
independent,1000,1000,2.0,17,1.0,True,0.0,-340.43963547924614,0.005508333333333333
independent,1000,1000,2.0,18,1.0,True,0.0,-329.4816748697249,0.005541666666666667
independent,1000,1000,2.0,19,1.0,True,0.0,-368.8147275966239,0.005475
independent,1000,1000,2.0,20,1.0,True,0.0,-317.015487610739,0.007666666666666666
independent,1000,1000,3.0,1,1.0,True,0.0,-682.4251863618647,0.004383333333333333
independent,1000,1000,3.0,2,1.0,True,0.0,-676.2258994024305,0.006025
independent,1000,1000,3.0,3,1.0,True,0.0,-660.0158101549168,0.006308333333333333
independent,1000,1000,3.0,4,1.0,True,0.0,-659.6468547363984,0.008441666666666667
independent,1000,1000,3.0,5,1.0,True,0.0,-657.5057019503674,0.007133333333333333
independent,1000,1000,3.0,6,1.0,True,0.0,-636.1601784947143,0.009416666666666665
independent,1000,1000,3.0,7,1.3163593509137925,True,0.0,-649.4094617886476,0.005825
independent,1000,1000,3.0,8,1.1122101332503207,True,0.0,-641.5410468811915,0.004116666666666667
independent,1000,1000,3.0,9,1.0,True,0.0,-639.4277047162723,0.0037916666666666667
independent,1000,1000,3.0,10,1.0,True,0.0,-673.5562580059322,0.00505
independent,1000,1000,3.0,11,1.0,True,0.0,-628.0815432838717,0.007466666666666667
independent,1000,1000,3.0,12,1.0114952150573404,True,0.0,-633.159572777151,0.0065
independent,1000,1000,3.0,13,1.1212655877344355,True,0.0,-655.7118331573547,0.0068000000000000005
independent,1000,1000,3.0,14,1.0,True,0.0,-664.8577126123364,0.0045
independent,1000,1000,3.0,15,1.584907465897761,False,0.0,-643.0643579949974,0.004158333333333333
independent,1000,1000,3.0,16,1.04604570671047,True,0.0,-634.0500429400636,0.005483333333333333
independent,1000,1000,3.0,17,1.0,True,0.0,-614.8954399707945,0.0070083333333333326
independent,1000,1000,3.0,18,1.0461601850371325,True,0.0,-702.0207781944973,0.0051
independent,1000,1000,3.0,19,1.0,True,0.0,-578.8211812209502,0.007308333333333333
independent,1000,1000,3.0,20,1.0,True,0.0,-635.9669015248692,0.006625
independent,1000,5000,0.5,1,1.2905567533288869,True,127.99363928191633,127.10159955745621,0.19512666666666667
independent,1000,5000,0.5,2,1.4168798050349944,True,159.5332109779083,159.5332109779083,0.34718166666666667
independent,1000,5000,0.5,3,1.3808941090767313,True,139.94032493930172,139.94032493930172,0.3512483333333334
independent,1000,5000,0.5,4,1.0,True,116.48748275010803,116.48748275010803,0.399935
independent,1000,5000,0.5,5,1.0,True,127.41458701185547,127.41458701185547,0.39526333333333336
independent,1000,5000,0.5,6,1.0,True,135.5651389174218,135.5651389174218,0.3939633333333333
independent,1000,5000,0.5,7,1.0,True,144.4897082818843,144.4897082818843,0.37442833333333336
independent,1000,5000,0.5,8,1.0,True,153.02424242389316,153.02424242389316,0.3725066666666666
independent,1000,5000,0.5,9,1.0,True,145.24124224951083,145.24124224951083,0.3634633333333333
independent,1000,5000,0.5,10,1.0,True,160.89920334189628,160.89920334189628,0.39618333333333333
independent,1000,5000,0.5,11,1.2014779131445879,True,117.22331745983138,117.22331745983138,0.3165016666666666
independent,1000,5000,0.5,12,1.0,True,150.96631780892858,150.96631780892858,0.4116083333333333
independent,1000,5000,0.5,13,1.02036566662146,True,163.42766063932504,163.42766063932504,0.41256166666666666
independent,1000,5000,0.5,14,1.0979998386818755,True,137.07776847297282,137.07776847297282,0.3630816666666667
independent,1000,5000,0.5,15,1.0,True,151.63059182468896,151.63059182468896,0.398905
independent,1000,5000,0.5,16,1.158445300024084,True,108.20843632205106,107.93309295139079,0.184905
independent,1000,5000,0.5,17,1.0,True,143.52859816313685,143.52859816313685,0.42346666666666666
independent,1000,5000,0.5,18,1.028827284607271,True,144.0975590888538,144.0975590888538,0.34209
independent,1000,5000,0.5,19,1.0548148639318207,True,151.33409938008663,151.33409938008663,0.35209666666666667
independent,1000,5000,0.5,20,1.0671544155366917,True,143.54881268264762,143.54881268264762,0.35873499999999997
independent,1000,5000,1.0,1,1.0633019946705933,True,21.72408079505294,-28.470507957455993,0.004905
independent,1000,5000,1.0,2,1.474468529825408,True,34.148484691248086,13.597452946234625,0.0060799999999999995
independent,1000,5000,1.0,3,1.4875043389658942,True,52.26639415790487,21.159658962209505,0.0053033333333333335
independent,1000,5000,1.0,4,1.131696825531479,True,51.451392658815166,-5.401785716347149,0.005371666666666667
independent,1000,5000,1.0,5,1.1802404166585343,True,30.996793350839653,3.8676093405847496,0.004361666666666667
independent,1000,5000,1.0,6,1.2480220793939232,True,22.096935548313922,-1.115753738922649,0.004948333333333333
independent,1000,5000,1.0,7,1.2748146768170097,True,31.65955557205598,-3.078080920542561,0.008145
independent,1000,5000,1.0,8,1.2043432365788895,True,29.784037197623547,1.5597754427453765,0.007051666666666665
independent,1000,5000,1.0,9,1.1000109936466131,True,22.869715646804252,-9.475350323577004,0.004883333333333333
independent,1000,5000,1.0,10,1.0794017283724424,True,45.00999330268678,-4.105846721087801,0.00428
independent,1000,5000,1.0,11,1.1248243680083134,True,33.22116446273867,-21.99972211480599,0.005435
independent,1000,5000,1.0,12,1.0,True,39.96816426700934,10.980965177714097,0.003961666666666668
independent,1000,5000,1.0,13,1.1574114908704607,True,39.011149625661346,11.990912213652337,0.004723333333333334
independent,1000,5000,1.0,14,1.1577433142366345,True,34.93804124030248,-3.6577872156140074,0.006568333333333335
independent,1000,5000,1.0,15,1.1502295893506256,True,23.08953970065886,-34.544369405599355,0.005255
independent,1000,5000,1.0,16,1.5985122665378444,False,26.603236966968325,-4.055198201212988,0.008516666666666667
independent,1000,5000,1.0,17,1.1005802132837605,True,43.04447376524877,17.4602865316283,0.00505
independent,1000,5000,1.0,18,1.1507781235863925,True,34.006031620932845,-20.07026965482146,0.0031300000000000004
independent,1000,5000,1.0,19,1.019225466847099,True,29.072314328581342,-21.497156449162503,0.004783333333333333
independent,1000,5000,1.0,20,1.1542852944462714,True,16.539221851080583,-32.375677207786794,0.0032683333333333336
independent,1000,5000,2.0,1,1.0,True,0.0,-367.2929515184169,0.004545
independent,1000,5000,2.0,2,1.0,True,0.0,-378.0050492021837,0.003946666666666667
independent,1000,5000,2.0,3,1.0,True,0.0,-329.09647669348305,0.0034666666666666665
independent,1000,5000,2.0,4,1.0,True,0.0,-364.85828994229996,0.006193333333333333
independent,1000,5000,2.0,5,1.0,True,0.0,-365.4077903810503,0.005058333333333333
independent,1000,5000,2.0,6,1.0,True,0.0,-365.60302640770533,0.006723333333333334
independent,1000,5000,2.0,7,1.0,True,0.0,-370.59942869674524,0.0042116666666666665
independent,1000,5000,2.0,8,1.0,True,0.0,-363.01760856029614,0.003935
independent,1000,5000,2.0,9,1.0,True,0.0,-371.66115925616214,0.0035633333333333333
independent,1000,5000,2.0,10,1.0,True,0.0,-406.4322450525633,0.004625
independent,1000,5000,2.0,11,1.0,True,0.0,-374.0698421989073,0.0038416666666666664
independent,1000,5000,2.0,12,1.0,True,0.0,-375.273694385638,0.002766666666666667
independent,1000,5000,2.0,13,1.0,True,0.0,-359.3249821144,0.004986666666666666
independent,1000,5000,2.0,14,1.0,True,0.0,-421.64199203887074,0.0032633333333333334
independent,1000,5000,2.0,15,1.0,True,0.0,-363.707665825792,0.004585
independent,1000,5000,2.0,16,1.0,True,0.0,-324.4028670419648,0.0039000000000000003
independent,1000,5000,2.0,17,1.0,True,0.0,-350.57764641630274,0.006273333333333333
independent,1000,5000,2.0,18,1.0,True,0.0,-405.29100470310914,0.004113333333333333
independent,1000,5000,2.0,19,1.0,True,0.0,-357.5829861576549,0.006003333333333333
independent,1000,5000,2.0,20,1.0,True,0.0,-357.025873620134,0.003501666666666667
independent,1000,5000,3.0,1,1.0,True,0.0,-649.6947103496168,0.0039366666666666664
independent,1000,5000,3.0,2,1.0,True,0.0,-667.3901311398404,0.005836666666666666
independent,1000,5000,3.0,3,1.0,True,0.0,-686.7443518748623,0.0030666666666666668
independent,1000,5000,3.0,4,1.0,True,0.0,-688.3961562965633,0.003923333333333333
independent,1000,5000,3.0,5,1.0,True,0.0,-688.6743436859924,0.004003333333333334
independent,1000,5000,3.0,6,1.0,True,0.0,-702.7947432412857,0.005235
independent,1000,5000,3.0,7,1.0,True,0.0,-630.6965510629816,0.004561666666666666
independent,1000,5000,3.0,8,1.0,True,0.0,-698.1669750055116,0.006814999999999999
independent,1000,5000,3.0,9,1.0,True,0.0,-679.0483801819937,0.004921666666666667
independent,1000,5000,3.0,10,1.0,True,0.0,-698.0096750797602,0.004323333333333333
independent,1000,5000,3.0,11,1.0539169152055545,True,0.0,-626.5945678062835,0.0027883333333333336
independent,1000,5000,3.0,12,1.0,True,0.0,-704.8189313659732,0.00411
independent,1000,5000,3.0,13,1.0,True,0.0,-638.7761555663183,0.0034433333333333334
independent,1000,5000,3.0,14,1.1805222709538872,True,0.0,-680.7986999424484,0.0062
independent,1000,5000,3.0,15,1.0,True,0.0,-679.8016333020605,0.0035183333333333334
independent,1000,5000,3.0,16,1.1510032038954585,True,0.0,-668.8470928402148,0.004006666666666666
independent,1000,5000,3.0,17,1.0,True,0.0,-689.2233718296975,0.004291666666666667
independent,1000,5000,3.0,18,1.0,True,0.0,-690.5051409580974,0.0024866666666666665
independent,1000,5000,3.0,19,1.2501179632674155,True,0.0,-706.9641949899669,0.003181666666666666
independent,1000,5000,3.0,20,1.0,True,0.0,-716.617241165939,0.0038866666666666667
correlated,500,1000,0.5,1,1.0199090077291117,True,151.28135843673772,151.28135843673772,0.40495
correlated,500,1000,0.5,2,1.068373629436934,True,134.8384934530859,134.8384934530859,0.396625
correlated,500,1000,0.5,3,1.0,True,123.98381032442103,123.98381032442103,0.3982166666666667
correlated,500,1000,0.5,4,1.0,True,134.73214860362987,134.73214860362987,0.4207333333333334
correlated,500,1000,0.5,5,1.0765138006286092,True,139.02265984601308,139.02265984601308,0.411575
correlated,500,1000,0.5,6,1.0200364975588356,True,142.50628785289064,142.50628785289064,0.4077916666666667
correlated,500,1000,0.5,7,1.0,True,137.23510665290814,137.23510665290814,0.4317583333333333
correlated,500,1000,0.5,8,1.0377615203479866,True,130.65442132663884,130.65442132663884,0.4098833333333334
correlated,500,1000,0.5,9,1.0,True,135.71414537727924,135.71414537727924,0.39166666666666666
correlated,500,1000,0.5,10,1.0,True,131.33306205399913,131.33306205399913,0.4023833333333333
correlated,500,1000,0.5,11,1.1056240071412142,True,132.19009451186866,132.19009451186866,0.3873416666666667
correlated,500,1000,0.5,12,1.0,True,131.37341730212574,131.37341730212574,0.41963333333333336
correlated,500,1000,0.5,13,1.0,True,130.99379841293012,130.99379841293012,0.40125000000000005
correlated,500,1000,0.5,14,1.073218029360903,True,129.34059631732453,129.34059631732453,0.40924166666666667
correlated,500,1000,0.5,15,1.0,True,133.698985505599,133.698985505599,0.3816583333333334
correlated,500,1000,0.5,16,1.0,True,136.9380770209873,136.9380770209873,0.42905
correlated,500,1000,0.5,17,1.0,True,155.89911837784348,155.89911837784348,0.4364333333333333
correlated,500,1000,0.5,18,1.0,True,130.9991670183017,130.9991670183017,0.4136833333333334
correlated,500,1000,0.5,19,1.0395257517887388,True,124.45171928589025,124.45171928589025,0.38258333333333333
correlated,500,1000,0.5,20,1.0,True,128.29737707331333,128.29737707331333,0.4445083333333333
correlated,500,1000,1.0,1,1.1068088943832595,True,66.69569522884103,66.69569522884103,0.30393333333333333
correlated,500,1000,1.0,2,1.3793609315754998,True,59.2093435715542,56.78089255203122,0.05356666666666666
correlated,500,1000,1.0,3,1.1938216920048208,True,78.28886333286482,76.61149211470911,0.086375
correlated,500,1000,1.0,4,6.108053085006719,False,37.976799697039496,33.174454801832326,0.009216666666666666
correlated,500,1000,1.0,5,1.4076181320970207,True,85.36860542533486,85.36860542533486,0.25900833333333334
correlated,500,1000,1.0,6,1.0836543285870321,True,72.05941314314714,72.05941314314714,0.29302500000000004
correlated,500,1000,1.0,7,1.0,True,93.23273261236409,93.23273261236409,0.3816
correlated,500,1000,1.0,8,1.124746790992963,True,83.10145495161487,83.10145495161487,0.32660833333333333
correlated,500,1000,1.0,9,1.057350821507305,True,81.01317947944062,80.20534541217967,0.082825
correlated,500,1000,1.0,10,1.165653736185447,True,62.45721744565071,62.45721744565071,0.32855833333333334
correlated,500,1000,1.0,11,1.0562864430891217,True,79.2650375092926,77.77347525407731,0.09049166666666665
correlated,500,1000,1.0,12,1.1870324661973988,True,75.66526499042448,75.66526499042448,0.40440833333333326
correlated,500,1000,1.0,13,5.14004387079685,False,73.76090534572177,73.76090534572177,0.1499083333333333
correlated,500,1000,1.0,14,1.1602461108925357,True,81.38724465859195,81.38724465859195,0.35314166666666663
correlated,500,1000,1.0,15,1.4111827628957594,True,51.66910110216304,44.143571816594886,0.008116666666666666
correlated,500,1000,1.0,16,3.159060680511243,False,28.214058990674857,26.133402476887568,0.012725000000000002
correlated,500,1000,1.0,17,8.085804499824526,False,67.29889287848073,63.76253099535734,0.04385833333333333
correlated,500,1000,1.0,18,2.305530899311755,False,62.55021509608923,62.26733363540916,0.05591666666666667
correlated,500,1000,1.0,19,1.0588974544904257,True,64.70914493774126,61.78191656270428,0.013383333333333332
correlated,500,1000,1.0,20,1.0700990194557813,True,84.58445398469394,84.58445398469394,0.31122500000000003
correlated,500,1000,2.0,1,1.0,True,0.0,-136.80973539028037,0.004633333333333333
correlated,500,1000,2.0,2,1.320952460606459,True,0.0,-132.64937362852925,0.003441666666666667
correlated,500,1000,2.0,3,1.0701645188369675,True,0.0,-98.46968455819206,0.004925
correlated,500,1000,2.0,4,1.0,True,0.0,-127.1576686636572,0.005241666666666666
correlated,500,1000,2.0,5,1.0,True,0.0,-139.5287726615361,0.004883333333333333
correlated,500,1000,2.0,6,1.0,True,0.0,-142.79003358282262,0.004050000000000001
correlated,500,1000,2.0,7,1.0347842557448725,True,0.0,-94.29446051343893,0.0046
correlated,500,1000,2.0,8,1.1019103036817002,True,0.0,-74.46820419821506,0.005341666666666666
correlated,500,1000,2.0,9,1.0,True,0.0,-114.97884850045557,0.006775
correlated,500,1000,2.0,10,1.1656758801173728,True,0.0,-99.3218839865358,0.005633333333333334
correlated,500,1000,2.0,11,1.2596405121962444,True,0.0,-118.78469837267585,0.0077333333333333325
correlated,500,1000,2.0,12,1.167813079970123,True,0.0,-129.31960333569532,0.004508333333333334
correlated,500,1000,2.0,13,1.1297451864661028,True,0.0,-120.84907674644364,0.006999999999999999
correlated,500,1000,2.0,14,1.0,True,0.0,-111.44869779140754,0.005008333333333333
correlated,500,1000,2.0,15,1.0,True,0.0,-144.06137426793975,0.005416666666666667
correlated,500,1000,2.0,16,1.0,True,0.0,-114.50300035343753,0.004591666666666667
correlated,500,1000,2.0,17,inf,False,0.0,-93.71995143364165,0.005791666666666667
correlated,500,1000,2.0,18,1.0059018394325117,True,0.0,-118.18851885947242,0.004791666666666666
correlated,500,1000,2.0,19,1.0833149020907513,True,0.0,-131.44178271559576,0.003916666666666666
correlated,500,1000,2.0,20,1.0263565531282843,True,0.0,-104.88114562668761,0.006675
correlated,500,1000,3.0,1,1.0,True,0.0,-249.48451531063165,0.0035
correlated,500,1000,3.0,2,1.504482513162867,False,0.0,-274.95155031259947,0.0057666666666666665
correlated,500,1000,3.0,3,1.504482513162865,False,0.0,-272.44904903499446,0.007616666666666667
correlated,500,1000,3.0,4,1.0,True,0.0,-231.19647840340713,0.006483333333333334
correlated,500,1000,3.0,5,1.0,True,0.0,-269.3726550316969,0.007124999999999999
correlated,500,1000,3.0,6,1.2949051108741965,True,0.0,-258.7422608749621,0.008525
correlated,500,1000,3.0,7,1.0,True,0.0,-294.09289652320876,0.005125
correlated,500,1000,3.0,8,1.3782015701987567,True,0.0,-259.2597081250815,0.007408333333333333
correlated,500,1000,3.0,9,1.0,True,0.0,-276.96588733722,0.006491666666666666
correlated,500,1000,3.0,10,1.0,True,0.0,-276.4158719175193,0.0074333333333333335
correlated,500,1000,3.0,11,1.0051901283335494,True,0.0,-307.50944104608607,0.005175
correlated,500,1000,3.0,12,1.0,True,0.0,-261.6665905097352,0.007141666666666667
correlated,500,1000,3.0,13,1.0,True,0.0,-234.1125990134169,0.008275
correlated,500,1000,3.0,14,1.0,True,0.0,-261.6342350794521,0.007416666666666666
correlated,500,1000,3.0,15,1.0,True,0.0,-219.0730874610499,0.007966666666666665
correlated,500,1000,3.0,16,1.0,True,0.0,-250.36623085634255,0.009366666666666667
correlated,500,1000,3.0,17,1.0341320357489876,True,0.0,-265.0571471734338,0.007491666666666667
correlated,500,1000,3.0,18,1.0,True,0.0,-253.22678423611433,0.0038833333333333337
correlated,500,1000,3.0,19,1.1024346592560585,True,0.0,-241.8816445414859,0.006358333333333334
correlated,500,1000,3.0,20,1.0562991244912896,True,0.0,-241.63132748409498,0.004075
correlated,500,5000,0.5,1,1.0,True,177.53535882784763,177.53535882784763,0.43198000000000003
correlated,500,5000,0.5,2,1.0,True,155.7902004697089,155.7902004697089,0.4148433333333334
correlated,500,5000,0.5,3,1.0,True,178.2096210721329,178.2096210721329,0.4210483333333333
correlated,500,5000,0.5,4,1.0,True,173.28689964128716,173.28689964128716,0.4226916666666667
correlated,500,5000,0.5,5,1.0951300605182772,True,162.26680288016178,162.26680288016178,0.38072
correlated,500,5000,0.5,6,1.0187018559349745,True,176.07367463406263,176.07367463406263,0.3788133333333333
correlated,500,5000,0.5,7,1.6704451130941764,False,164.7481908343243,164.7481908343243,0.3405916666666667
correlated,500,5000,0.5,8,1.0,True,173.59543000821304,173.59543000821304,0.4115933333333334
correlated,500,5000,0.5,9,1.0,True,170.9628108943125,170.9628108943125,0.4439116666666667
correlated,500,5000,0.5,10,1.02036566662146,True,166.42348429918093,166.42348429918093,0.391515
correlated,500,5000,0.5,11,1.0,True,173.3975797812036,173.3975797812036,0.42731333333333327
correlated,500,5000,0.5,12,1.0,True,159.14437093705783,159.14437093705783,0.3822583333333333
correlated,500,5000,0.5,13,1.0,True,182.46603759052232,182.46603759052232,0.42489499999999997
correlated,500,5000,0.5,14,1.0,True,181.5439112578606,181.5439112578606,0.41000166666666665
correlated,500,5000,0.5,15,1.0,True,167.29567519560896,167.29567519560896,0.37897333333333333
correlated,500,5000,0.5,16,1.0,True,161.02153004375123,161.02153004375123,0.3989233333333333
correlated,500,5000,0.5,17,1.0,True,177.62436099545812,177.62436099545812,0.42421
correlated,500,5000,0.5,18,1.0,True,179.1151267010282,179.1151267010282,0.4411833333333333
correlated,500,5000,0.5,19,1.3694365799029575,True,162.52365034657578,162.52365034657578,0.4065733333333334
correlated,500,5000,0.5,20,1.0,True,165.53096623317742,165.53096623317742,0.39857500000000007
correlated,500,5000,1.0,1,2.2840837524920907,False,69.50523265042557,62.6087180919003,0.008976666666666666
correlated,500,5000,1.0,2,1.01767223033388,True,82.44487502457832,78.79822545449406,0.014068333333333334
correlated,500,5000,1.0,3,1.0,True,93.28800068092733,93.28800068092733,0.35166499999999995
correlated,500,5000,1.0,4,1.0,True,71.6130622555138,66.27376914549495,0.012435
correlated,500,5000,1.0,5,1.4915624373936334,True,87.1762275886249,86.38419472332589,0.11873166666666667
correlated,500,5000,1.0,6,1.087035141529989,True,85.28229321946128,85.28229321946128,0.23617333333333335
correlated,500,5000,1.0,7,1.4603463807886157,True,97.78844824461885,93.41036068099766,0.019016666666666664
correlated,500,5000,1.0,8,1.020163880046643,True,88.62684268977137,83.97981714754314,0.025778333333333334
correlated,500,5000,1.0,9,1.1622979217225207,True,87.07380787455168,87.07380787455168,0.31970833333333337
correlated,500,5000,1.0,10,1.302948027505988,True,90.89598337080406,90.89598337080406,0.33433666666666667
correlated,500,5000,1.0,11,1.0,True,106.85190967654398,106.85190967654398,0.3931983333333333
correlated,500,5000,1.0,12,1.3584220160979756,True,59.47193538994816,57.83530851826981,0.07809166666666666
correlated,500,5000,1.0,13,1.0,True,117.97585161904408,117.97585161904408,0.4208783333333333
correlated,500,5000,1.0,14,1.2557578879388525,True,70.73121719329083,70.73121719329083,0.29224
correlated,500,5000,1.0,15,1.0,True,72.55453691094408,58.703280362802616,0.006476666666666666
correlated,500,5000,1.0,16,1.0,True,100.31657494048977,100.31657494048977,0.3772866666666666
correlated,500,5000,1.0,17,1.0872209416292555,True,84.77359022813653,84.29147398104396,0.09069833333333333
correlated,500,5000,1.0,18,1.0,True,99.52683546551089,93.50327052087414,0.020843333333333335
correlated,500,5000,1.0,19,1.7829620609189147,False,82.85478178688027,81.99420373996236,0.08097
correlated,500,5000,1.0,20,1.0874834312966273,True,87.24755703861138,87.24755703861138,0.35252833333333333
correlated,500,5000,2.0,1,1.0,True,0.0,-128.32385965504272,0.0054733333333333335
correlated,500,5000,2.0,2,1.6211246569453774,False,0.0,-108.92676322335865,0.005486666666666667
correlated,500,5000,2.0,3,4.3738714388928095,False,0.0,-40.16772984230374,0.008891666666666668
correlated,500,5000,2.0,4,1.2923596688354082,True,0.0,-110.76606882973465,0.004515
correlated,500,5000,2.0,5,1.1723079695550924,True,0.0,-107.75057163888323,0.006376666666666667
correlated,500,5000,2.0,6,inf,False,0.0,-90.81630556697564,0.006085
correlated,500,5000,2.0,7,1.0,True,0.0,-119.48109372399722,0.005059999999999999
correlated,500,5000,2.0,8,1.0355718515447094,True,0.0,-87.24367138027355,0.00868
correlated,500,5000,2.0,9,inf,False,0.0,-94.84013804624192,0.00544
correlated,500,5000,2.0,10,1.0,True,0.0,-145.43255916966336,0.0068833333333333325
correlated,500,5000,2.0,11,5.641155024613674,False,0.0,-69.35952091925265,0.0056883333333333334
correlated,500,5000,2.0,12,13.15760261809275,False,0.0,-79.07724818450333,0.00547
correlated,500,5000,2.0,13,23.40042769182157,False,0.0,-113.76048131028438,0.00578
correlated,500,5000,2.0,14,12.650660427074992,False,0.0,-93.49032126997372,0.005911666666666667
correlated,500,5000,2.0,15,8.999924091910021,False,0.0,-96.09782511566209,0.007308333333333333
correlated,500,5000,2.0,16,inf,False,0.0,-91.30265394193339,0.0035916666666666666
correlated,500,5000,2.0,17,12.287035357956741,False,0.0,-87.3564043350816,0.004376666666666667
correlated,500,5000,2.0,18,1.158345737336666,True,0.0,-146.40143074133266,0.006985000000000001
correlated,500,5000,2.0,19,1.77884938908451,False,0.0,-101.2044218206047,0.0056033333333333326
correlated,500,5000,2.0,20,16.639035306893106,False,0.0,-77.47103289652841,0.0060416666666666665
correlated,500,5000,3.0,1,1.0,True,0.0,-266.0209722177242,0.0044599999999999996
correlated,500,5000,3.0,2,1.0709956869585517,True,0.0,-258.2293799030931,0.007391666666666667
correlated,500,5000,3.0,3,1.0,True,0.0,-261.2211266236409,0.004888333333333334
correlated,500,5000,3.0,4,1.0,True,0.0,-259.411652789091,0.005683333333333333
correlated,500,5000,3.0,5,1.0,True,0.0,-256.71993128188205,0.005301666666666666
correlated,500,5000,3.0,6,1.0,True,0.0,-280.4339534842329,0.00318
correlated,500,5000,3.0,7,1.0,True,0.0,-250.46324300352353,0.004503333333333333
correlated,500,5000,3.0,8,1.1749789134206705,True,0.0,-255.1875025703239,0.00462
correlated,500,5000,3.0,9,1.0282912629338083,True,0.0,-287.6516970082221,0.005998333333333332
correlated,500,5000,3.0,10,1.113432624227423,True,0.0,-268.8497224188959,0.00497
correlated,500,5000,3.0,11,1.0021871545997791,True,0.0,-287.5313755416846,0.005896666666666667
correlated,500,5000,3.0,12,1.0,True,0.0,-241.7619005364959,0.006731666666666667
correlated,500,5000,3.0,13,1.0,True,0.0,-281.41571364981064,0.0075383333333333335
correlated,500,5000,3.0,14,1.0,True,0.0,-258.4164574427823,0.005006666666666667
correlated,500,5000,3.0,15,1.0,True,0.0,-275.51290808920385,0.005823333333333333
correlated,500,5000,3.0,16,1.0,True,0.0,-285.7293164139346,0.003671666666666667
correlated,500,5000,3.0,17,1.0,True,0.0,-217.95818636314016,0.00607
correlated,500,5000,3.0,18,1.0,True,0.0,-253.38652292652841,0.004078333333333334
correlated,500,5000,3.0,19,1.0,True,0.0,-285.93439323950133,0.004411666666666667
correlated,500,5000,3.0,20,1.0265620374958104,True,0.0,-295.78543968578106,0.00341
correlated,1000,1000,0.5,1,1.0351168234075614,True,136.12172459251815,136.12172459251815,0.42088333333333333
correlated,1000,1000,0.5,2,1.0,True,144.18937710451064,144.18937710451064,0.3925666666666667
correlated,1000,1000,0.5,3,1.2302626706673647,True,121.26750528264529,121.26750528264529,0.39610833333333334
correlated,1000,1000,0.5,4,1.0,True,141.69029066914845,141.69029066914845,0.4269666666666667
correlated,1000,1000,0.5,5,1.0,True,141.47351788705782,141.47351788705782,0.42384166666666667
correlated,1000,1000,0.5,6,1.0,True,138.2062335027913,138.2062335027913,0.44464166666666666
correlated,1000,1000,0.5,7,1.0,True,142.44334402700224,142.44334402700224,0.3998916666666666
correlated,1000,1000,0.5,8,1.0,True,132.58780041217688,132.58780041217688,0.3916333333333333
correlated,1000,1000,0.5,9,1.1379111905819115,True,119.8831966065809,119.8831966065809,0.32311666666666666
correlated,1000,1000,0.5,10,1.0,True,147.1095173833055,147.1095173833055,0.4100916666666666
correlated,1000,1000,0.5,11,1.0,True,143.29294198423304,143.29294198423304,0.41965
correlated,1000,1000,0.5,12,1.0,True,129.61224057696018,129.61224057696018,0.398625
correlated,1000,1000,0.5,13,1.0,True,144.3963095518411,144.3963095518411,0.42665000000000003
correlated,1000,1000,0.5,14,1.1154916177597332,True,125.21338066504904,125.21338066504904,0.36106666666666665
correlated,1000,1000,0.5,15,1.0,True,137.86316162648473,137.86316162648473,0.3925916666666666
correlated,1000,1000,0.5,16,1.0,True,131.88020408439843,131.88020408439843,0.43616666666666665
correlated,1000,1000,0.5,17,1.0767087783449076,True,130.39451679957347,130.39451679957347,0.39835
correlated,1000,1000,0.5,18,1.0715685308451506,True,132.76301856025748,132.76301856025748,0.4045
correlated,1000,1000,0.5,19,1.0,True,140.52753140749337,140.52753140749337,0.41855
correlated,1000,1000,0.5,20,1.0,True,138.27444816034404,138.27444816034404,0.4420916666666667
correlated,1000,1000,1.0,1,6.7027246582748505,False,50.47843491258391,43.579330893386214,0.010974999999999999
correlated,1000,1000,1.0,2,1.0271092640435495,True,71.68493457390105,71.68493457390105,0.37772500000000003
correlated,1000,1000,1.0,3,1.0,True,70.92308474614583,63.43508619913155,0.009666666666666669
correlated,1000,1000,1.0,4,inf,False,57.41230399853157,51.93924769363184,0.012558333333333331
correlated,1000,1000,1.0,5,1.0838888254858439,True,62.11329340561133,62.11329340561133,0.24130833333333332
correlated,1000,1000,1.0,6,2.3074183274145317,False,60.71023001062167,44.156748195144246,0.006916666666666666
correlated,1000,1000,1.0,7,1.1733200449636743,True,52.70870171664865,44.583815871506886,0.008483333333333334
correlated,1000,1000,1.0,8,1.2148601918675928,True,84.67815326293021,84.67815326293021,0.364825
correlated,1000,1000,1.0,9,1.0635407640003354,True,73.49403829838229,73.49403829838229,0.18107499999999999
correlated,1000,1000,1.0,10,1.0393335267078585,True,42.1111479323863,42.1111479323863,0.30880833333333335
correlated,1000,1000,1.0,11,2.42033068131865,False,63.682410140108914,60.25628175618294,0.024025
correlated,1000,1000,1.0,12,1.0804226833480575,True,61.476424087497435,61.476424087497435,0.16538333333333333
correlated,1000,1000,1.0,13,1.2196473775692545,True,68.86112384160515,56.96957881108938,0.011558333333333335
correlated,1000,1000,1.0,14,1.2109917641821546,True,62.10250682429978,48.82189264216686,0.014966666666666668
correlated,1000,1000,1.0,15,4.335731503040692,False,60.536421482804144,58.49527437204415,0.025458333333333333
correlated,1000,1000,1.0,16,1.352834451872352,True,61.05860086712346,57.30063228542713,0.03299166666666667
correlated,1000,1000,1.0,17,1.2575888318654167,True,66.36437468610347,65.18013051671733,0.12191666666666667
correlated,1000,1000,1.0,18,1.17473633667768,True,55.056091512622515,45.77161743218676,0.008016666666666667
correlated,1000,1000,1.0,19,1.1295051364939228,True,58.33021370424467,55.055115648812716,0.0268
correlated,1000,1000,1.0,20,1.093714320656971,True,69.42222135526572,54.47925049600053,0.015133333333333334
correlated,1000,1000,2.0,1,1.0,True,0.0,-189.9893993968526,0.008066666666666666
correlated,1000,1000,2.0,2,1.033733235728703,True,0.0,-181.5328535751487,0.004858333333333333
correlated,1000,1000,2.0,3,1.0337332357287046,True,0.0,-171.89738798525286,0.005125
correlated,1000,1000,2.0,4,1.1503121386463293,True,0.0,-180.39315384959627,0.005241666666666666
correlated,1000,1000,2.0,5,1.0,True,0.0,-203.65255327909472,0.005233333333333333
correlated,1000,1000,2.0,6,1.0,True,0.0,-171.0848977078258,0.006516666666666666
correlated,1000,1000,2.0,7,1.0,True,0.0,-206.5770163108882,0.005291666666666667
correlated,1000,1000,2.0,8,1.0,True,0.0,-163.56098584032225,0.005475
correlated,1000,1000,2.0,9,1.0,True,0.0,-198.96063523695557,0.004316666666666667
correlated,1000,1000,2.0,10,1.2272683389715011,True,0.0,-180.14031915211126,0.007200000000000001
correlated,1000,1000,2.0,11,1.0,True,0.0,-184.62395547817323,0.007058333333333333
correlated,1000,1000,2.0,12,1.0020060200702543,True,0.0,-189.17106205324671,0.008175
correlated,1000,1000,2.0,13,1.2332321547965408,True,0.0,-192.024012563601,0.0036666666666666666
correlated,1000,1000,2.0,14,1.258085593493997,True,0.0,-173.16826052458237,0.005975
correlated,1000,1000,2.0,15,1.3315086732305976,True,0.0,-177.201752629544,0.006008333333333333
correlated,1000,1000,2.0,16,1.195882692772939,True,0.0,-162.35572126461375,0.0044083333333333335
correlated,1000,1000,2.0,17,1.1600152250905913,True,0.0,-231.0347274044816,0.005925
correlated,1000,1000,2.0,18,1.4222314619874872,True,0.0,-198.38562299460136,0.005475000000000001
correlated,1000,1000,2.0,19,1.0331262122895721,True,0.0,-213.33950763067514,0.005108333333333334
correlated,1000,1000,2.0,20,1.0331813520548971,True,0.0,-180.3227661723522,0.005558333333333333
correlated,1000,1000,3.0,1,1.1738982017518858,True,0.0,-421.9517236458869,0.004816666666666667
correlated,1000,1000,3.0,2,1.2005977311390597,True,0.0,-447.76132733298255,0.006499999999999999
correlated,1000,1000,3.0,3,1.0,True,0.0,-396.16047633595554,0.0061333333333333335
correlated,1000,1000,3.0,4,1.0,True,0.0,-478.0258872171762,0.007024999999999999
correlated,1000,1000,3.0,5,1.0,True,0.0,-426.0483182661337,0.005408333333333334
correlated,1000,1000,3.0,6,1.0763271222740414,True,0.0,-417.4111747451934,0.004991666666666667
correlated,1000,1000,3.0,7,1.0,True,0.0,-429.57449387203997,0.0048
correlated,1000,1000,3.0,8,1.0,True,0.0,-456.1667915911039,0.006866666666666667
correlated,1000,1000,3.0,9,1.0,True,0.0,-409.0947924290831,0.004625000000000001
correlated,1000,1000,3.0,10,1.0,True,0.0,-441.9693423081444,0.006325
correlated,1000,1000,3.0,11,1.0,True,0.0,-415.1700851340265,0.004975
correlated,1000,1000,3.0,12,1.0,True,0.0,-380.4623629872003,0.004225
correlated,1000,1000,3.0,13,1.0402566837974472,True,0.0,-457.93107521831735,0.005308333333333334
correlated,1000,1000,3.0,14,1.0402566837974474,True,0.0,-476.6723272743584,0.005091666666666667
correlated,1000,1000,3.0,15,1.040200403510459,True,0.0,-418.25737447541724,0.006208333333333333
correlated,1000,1000,3.0,16,1.0,True,0.0,-403.8806543366609,0.004258333333333334
correlated,1000,1000,3.0,17,1.0,True,0.0,-423.4451120513113,0.006283333333333334
correlated,1000,1000,3.0,18,1.0,True,0.0,-409.4863620443102,0.0044083333333333335
correlated,1000,1000,3.0,19,1.0,True,0.0,-433.8600934502265,0.0053
correlated,1000,1000,3.0,20,1.0,True,0.0,-424.26123672342146,0.0037249999999999996
correlated,1000,5000,0.5,1,1.0313554171628148,True,158.95355757539437,158.95355757539437,0.39226
correlated,1000,5000,0.5,2,1.0,True,153.4988190302065,153.4988190302065,0.4275516666666667
correlated,1000,5000,0.5,3,1.0,True,170.07754220532115,170.07754220532115,0.43934333333333336
correlated,1000,5000,0.5,4,1.0,True,164.00392269378244,164.00392269378244,0.40621666666666667
correlated,1000,5000,0.5,5,1.0689070467678023,True,173.71886849910697,173.71886849910697,0.321395
correlated,1000,5000,0.5,6,1.0,True,158.17411238511158,158.17411238511158,0.4039633333333333
correlated,1000,5000,0.5,7,1.0579628163246058,True,173.64949133934897,173.64949133934897,0.3822016666666666
correlated,1000,5000,0.5,8,1.0,True,185.1412524235966,185.1412524235966,0.4279366666666667
correlated,1000,5000,0.5,9,1.0,True,161.04828334499143,161.04828334499143,0.39649666666666666
correlated,1000,5000,0.5,10,1.0,True,158.88633082868182,158.88633082868182,0.419135
correlated,1000,5000,0.5,11,1.0,True,168.21046564490462,168.21046564490462,0.43806999999999996
correlated,1000,5000,0.5,12,1.0,True,173.73254286091833,173.73254286091833,0.42418833333333333
correlated,1000,5000,0.5,13,1.0,True,179.77200104970507,179.77200104970507,0.39294
correlated,1000,5000,0.5,14,1.0,True,167.6120693289231,167.6120693289231,0.4111533333333333
correlated,1000,5000,0.5,15,1.148913993198388,True,158.16502695795498,158.16502695795498,0.40952000000000005
correlated,1000,5000,0.5,16,1.0,True,172.46973089032508,172.46973089032508,0.4246383333333334
correlated,1000,5000,0.5,17,1.0,True,184.0548543690693,184.0548543690693,0.4261516666666667
correlated,1000,5000,0.5,18,1.2112411967097767,True,175.1978024400869,175.1978024400869,0.3963083333333333
correlated,1000,5000,0.5,19,1.3293173874892534,True,169.12679453141027,169.12679453141027,0.3835333333333333
correlated,1000,5000,0.5,20,1.0,True,163.13132510569267,163.13132510569267,0.40805833333333336
correlated,1000,5000,1.0,1,1.0,True,92.36844202277462,80.90424340732898,0.008381666666666667
correlated,1000,5000,1.0,2,1.0,True,101.29778892368631,93.96823528405184,0.014076666666666666
correlated,1000,5000,1.0,3,inf,False,57.571595520370465,41.90892425077254,0.008926666666666666
correlated,1000,5000,1.0,4,1.0,True,86.41683597609699,79.86160116185056,0.006760000000000001
correlated,1000,5000,1.0,5,1.1230994157841994,True,86.68530898830068,85.09426064369654,0.08292833333333334
correlated,1000,5000,1.0,6,1.0555894464826718,True,78.90159015683093,78.90159015683093,0.3172466666666667
correlated,1000,5000,1.0,7,1.0338611629477885,True,93.2726611626349,78.1549022985746,0.013956666666666666
correlated,1000,5000,1.0,8,1.139749054107206,True,72.53975423782504,68.90865364830643,0.006071666666666667
correlated,1000,5000,1.0,9,1.1870917575578994,True,85.49102960378332,79.94319003075361,0.009071666666666665
correlated,1000,5000,1.0,10,1.034020564970941,True,74.26318469326179,74.26318469326179,0.33881500000000003
correlated,1000,5000,1.0,11,1.083079955486073,True,79.7346055856633,79.7346055856633,0.37411833333333333
correlated,1000,5000,1.0,12,4.330467861898908,False,75.97288815395405,75.97288815395405,0.053024999999999996
correlated,1000,5000,1.0,13,1.2626101596506953,True,91.28231614733522,84.34488733040234,0.0072316666666666675
correlated,1000,5000,1.0,14,1.2825422067940146,True,88.98073778523394,87.53128604308404,0.0867
correlated,1000,5000,1.0,15,1.0,True,89.77484547082167,80.23877035246551,0.014801666666666666
correlated,1000,5000,1.0,16,1.1412372697475757,True,62.26157881909785,52.47995934051323,0.020393333333333336
correlated,1000,5000,1.0,17,1.06781156437101,True,62.429501392349266,61.175106950879126,0.102985
correlated,1000,5000,1.0,18,1.1787618405223694,True,100.36301085203559,100.36301085203559,0.35104
correlated,1000,5000,1.0,19,1.170753356855393,True,73.04998354732379,72.95311754947397,0.16049833333333333
correlated,1000,5000,1.0,20,1.606157469384326,False,80.02666576671618,76.87508143602645,0.06076666666666666
correlated,1000,5000,2.0,1,1.3320750788920173,True,0.0,-219.30353283372824,0.004876666666666667
correlated,1000,5000,2.0,2,1.7207232215439694,False,0.0,-203.14752272705118,0.0035499999999999998
correlated,1000,5000,2.0,3,1.0,True,0.0,-183.31794368802184,0.004745
correlated,1000,5000,2.0,4,1.0,True,0.0,-171.7748343651474,0.004376666666666667
correlated,1000,5000,2.0,5,1.0,True,0.0,-192.34155263825232,0.005676666666666667
correlated,1000,5000,2.0,6,1.0,True,0.0,-209.04708663132442,0.0054466666666666665
correlated,1000,5000,2.0,7,1.0,True,0.0,-218.75045064354345,0.006205
correlated,1000,5000,2.0,8,1.0114020883973778,True,0.0,-219.40098589277477,0.004005
correlated,1000,5000,2.0,9,1.0,True,0.0,-192.46111416416534,0.004576666666666667
correlated,1000,5000,2.0,10,1.0308730552839762,True,0.0,-189.80633343283625,0.0034750000000000002
correlated,1000,5000,2.0,11,1.0,True,0.0,-203.75733458654759,0.0056749999999999995
correlated,1000,5000,2.0,12,1.030873055283977,True,0.0,-190.94657762754832,0.00416
correlated,1000,5000,2.0,13,1.0,True,0.0,-197.3192849496354,0.004078333333333333
correlated,1000,5000,2.0,14,1.0,True,0.0,-213.94080266811397,0.004065
correlated,1000,5000,2.0,15,1.3630504935016536,True,0.0,-164.98966382992148,0.00441
correlated,1000,5000,2.0,16,1.0,True,0.0,-224.61239603379,0.005208333333333333
correlated,1000,5000,2.0,17,1.0,True,0.0,-200.24654152357107,0.005003333333333334
correlated,1000,5000,2.0,18,1.0,True,0.0,-202.15952749397366,0.003068333333333334
correlated,1000,5000,2.0,19,1.0,True,0.0,-148.57835448862897,0.003763333333333334
correlated,1000,5000,2.0,20,1.0,True,0.0,-195.39953476871415,0.0031516666666666668
correlated,1000,5000,3.0,1,1.0,True,0.0,-415.7424582937638,0.0063
correlated,1000,5000,3.0,2,1.0,True,0.0,-465.6255515948269,0.004908333333333333
correlated,1000,5000,3.0,3,1.0,True,0.0,-414.3805433929592,0.0025666666666666663
correlated,1000,5000,3.0,4,1.0,True,0.0,-468.4971419283738,0.004156666666666667
correlated,1000,5000,3.0,5,1.0,True,0.0,-444.70313460878424,0.0033766666666666667
correlated,1000,5000,3.0,6,1.0,True,0.0,-488.40475941841396,0.004033333333333333
correlated,1000,5000,3.0,7,1.0112365933827248,True,0.0,-479.88619596669196,0.005149999999999999
correlated,1000,5000,3.0,8,1.0377087093312278,True,0.0,-490.2453652380773,0.0032816666666666667
correlated,1000,5000,3.0,9,1.0199955753924161,True,0.0,-466.31269975778923,0.005273333333333334
correlated,1000,5000,3.0,10,1.039629701431102,True,0.0,-460.8847003061419,0.004926666666666667
correlated,1000,5000,3.0,11,1.0,True,0.0,-473.73392672580667,0.003575
correlated,1000,5000,3.0,12,1.0,True,0.0,-433.95597014267514,0.003911666666666667
correlated,1000,5000,3.0,13,1.0,True,0.0,-465.1275873834147,0.006416666666666667
correlated,1000,5000,3.0,14,1.0,True,0.0,-477.5996981312528,0.005073333333333333
correlated,1000,5000,3.0,15,1.0,True,0.0,-447.92387097484425,0.006043333333333334
correlated,1000,5000,3.0,16,1.0,True,0.0,-488.1358787692061,0.0033400000000000005
correlated,1000,5000,3.0,17,1.0,True,0.0,-459.0941252434732,0.00568
correlated,1000,5000,3.0,18,1.0,True,0.0,-475.7974773142396,0.0033483333333333334
correlated,1000,5000,3.0,19,1.0,True,0.0,-491.3473743215145,0.006608333333333333
correlated,1000,5000,3.0,20,1.0,True,0.0,-473.60032188408695,0.004803333333333333
